Question,Answer,Reason
วิธีการจัดซื้อจัดจ้าง ตาม พรบ. การจัดซื้อจัดจ้าง พ.ศ. 2560 มีกี่วิธี อะไรบ้าง,มี 3 วิธี ได้แก่ วิธีประกาศเชิญชวนทั่วไป วิธีคัดเลือก และวิธีเฉพาะเจาะจง,มาตรา 55 แห่ง พรบ.การจัดซื้อจ้าง พ.ศ. 2560 และระเบียบกระทรวงการคลัง  ว่าด้วยการจัดซื้อจัดจ้างฯ พ.ศ. 2560  ข้อ 28 
วิธีประกาศเชิญชวนทั่วไป กระทําได้กี่วิธี อะไรบ้าง,"มี 3 วิธี ได้แก่  1. วิธีตลาดอิเล็กทรอนิกส์  (e – market) 
2. วิธีประกวดราคาอิเล็กทรอนิกส์ (e – bidding)
3. วิธีสอบราคา",ระเบียบกระทรวงการคลังว่าด้วยการจัดซื้อจัดจ้างฯ พ.ศ. 2560 ข้อ 29 
"คณะกรรมการซื้อหรือจ้าง ตามระเบียบกระทรวงการคลังว่าด้วยการจัดซื้อจัดจ้างฯ พ.ศ. 2560 
มีกี่คณะ อะไรบ้าง","มี 5 คณะ ได้แก่ 1. คณะกรรมการพิจารณาผลการประกวดราคาอิเล็กทรอนิกส์ 
2. คณะกรรมกาพิจารณาผลการสอบราคา
3. คณะกรรมการซื้อหรือจ้างโดยวิธีคัดเลือก
4. คณะกรรมการซื้อหรือจ้างโดยวิธีเฉพาะเจาะจง
5. คณะกรรมการตรวจรับพัสดุ",ระเบียบกระทรวงการคลังว่าด้วยการจัดซื้อจัดจ้างฯ พ.ศ. 2560 ข้อ 25
โทษสําหรับเจ้าหน้าที่ที่ปฏิบัติหรือละเว้นการปฏิบัติหน้าที่ในการจัดซื้อจัดจ้างโดยทุจริต ได้แก่,โทษจําคุก ตั้งแต่ หนึ่งถึงสิบปี หรือปรับตั้งแต่สองหมื่นถึงสองแสนบาท หรือทั้งจําทั้งปรับ,มาตรา 120 แห่ง พรบ.การจัดซื้อจัดจ้างฯ พ.ศ. 2560
หลักการจัดซื้อจัดจ้าง ตาม พรบ.การจัดซื้อจัดจ้างฯ พ.ศ. 2560 มีกี่ข้อ อะไรบ้าง,มี 4 ข้อ  ได้แก่  1 คุ้มค่า  2 โปร่งใส  3 มีประสิทธิภาพและประสิทธิผล  4 ตรวจสอบได้,มาตรา 8 แห่ง พรบ. การจัดซื้อจัดจ้างฯ พ.ศ. 2560
"เมื่อหน่วยงานของรัฐจัดทําแผนการจัดซื้อจัดจ้างประจําปีเสร็จแล้ว ต้องประกาศเผยแพร่แผน
ดังกล่าวทางช่องทางใด","ต้องเผยแพร่แผนการจัดซื้อจัดจ้างประจําปี ในทุกช่องทาง ดังนี้ 
1. ในระบบเครือข่ายสารสนเทศของกรมบัญชีกลาง (ในระบบ e – GP ของกรมบัญชีกลาง)
2. ในระบบเครือข่ายสารสนเทศของหน่วยงาน (เว็บไซต์ของหน่วยงาน)
3. ปิดประกาศโดยเปิดเผย ณ สถานที่ปิดประกาศของหน่วยงาน",มาตรา 11 แห่ง พรบ. การจัดซื้อจัดจ้างฯ พ.ศ. 2560
"ร่างขอบเขตของงาน (TOR) กล้องสํารวจแบบประมวลผลรวม จํานวน 100 ชุด เป็นเงิน
15,000,000 บาท หน่วยงานต้องจัดให้มีการรับฟังความคิดเห็นหรือไม่ เพราะเหตุใด มีหลักเกณฑ์อย่างไร","หน่วยงานต้องจัดให้มีการรับฟังความคิดเห็น (เสนอแนะ/วิจารณ์) เนื่องจากวงเงินในการจัดหา
เกินกว่า 5,000,000 บาท สําหรับหลักเกณฑ์ในการจัดให้มีการรับฟังความคิดเห็น มีดังนี้
 1. การจัดซื้อจัดจ้างครั้งหนึ่ง มีวงเงินเกิน 500,000 บาท แต่ไม่เกิน 5,000,000 บาท ให้อยู่ในดุลพินิจ
ของหัวหน้าหน่วยงานจะให้มีการเผยแพร่เพื่อให้มีการเสนอแนะ/วิจารณ์ หรือไม่ก็ได้
 2. การจัดซื้อจัดจ้างครั้งหนึ่ง มีวงเงินเกิน 5,000,000 บาท หน่วยงานต้องนําร่าง TOR ร่างประกาศและ
ร่างเอกสารประกวดราคาเผยแพร่ เพื่อให้มีการเสนอแนะ/วิจารณ์ เป็นเวลาติดต่อกันไม่น้อยกว่า 3 วันทําการ ",ระเบียบกระทรวงการคลังว่าด้วยการจัดซื้อจัดจ้างฯ พ.ศ. 2560 ข้อ 45 และข้อ 46
การจัดจ้างผลิตหลักเขตที่ดิน (หลักปูน)  สามารถกระทําได้โดยวิธีใด,"สามารถกระทําได้ 3 วิธี คือ 
  
  
1. วิธีเฉพาะเจาะจง  
  
  
2. วิธีคัดเลือก 
  
  
3. วิธีประกาศเชิญชวนทั่วไป",พรบ.การจัดซื้อจัดจ้างฯ พ.ศ. 2560 มาตรา 56 (2) (ข) และกฎกระทรวงกําหนดพัสดุที่รัฐ ต้องการส่งเสริมหรือสนับสนุน พ.ศ.2560 หมวด 2
"ตามระเบียบกระทรวงการคลังฯ ว่าด้วยการจัดซื้อจัดจ้างฯ พ.ศ. 2560 ในราชการบริหาร
ส่วนกลาง วิธีการจัดซื้อจัดจ้างใด โดยปกติไม่สามารถกระทําได้ เพราะเหตุใด","วิธีสอบราคา เนื่องจากการซื้อหรือจ้างครั้งหนึ่ง ที่มีวงเงินเกิน 500,000 บาท แต่ไม่เกิน 
5,000,000 บาท จะกระทําได้เฉพาะในกรณีที่หน่วยงานนั้นตั้งอยู่ในพื้นที่ที่มีข้อจํากัดในการใช้สัญญาณอินเทอร์เน็ต
ทําให้ไม่สามารถดําเนินการโดยวิธีตลาดอิเล็กทรอนิกส์หรือวิธีประกวดราคาอิเล็กทรอนิกส์ได้ โดยเจ้าหน้าที่ต้องระบุ
เหตุผลความจําเป็นไว้ในรายงานขอซื้อหรือขอจ้างด้วย",ระเบียบกระทรวงการคลังว่าด้วยการจัดซื้อจัดจ้าง พ.ศ. 2560 ข้อ 32
ขั้นตอนสุดท้ายของการบริหารพัสดุ คือขั้นตอนใด,"การบริหารพัสดุ หมายถึง การเก็บ การบันทึก การเบิกจ่าย การยืม การตรวจสอบ  
การบํารุงรักษา และการจําหน่ายพัสดุ  (การจําหน่ายพัสดุจึงเป็นขั้นตอนสุดท้ายของการบริหารพัสดุ  
คือการจําหน่ายออกจากบัญชี)",พรบ.การจัดซื้อจัดจ้างฯ พ.ศ. 2560 มาตรา 4 ความหมายของการบริหารพัสดุ
"กรมที่ดินได้รับการจัดสรรงบประมาณค่าก่อสร้างอาคารสํานักงานที่ดิน จํานวนเงิน 28,000,000 บาท 
ในการเผยแพร่ประกาศและเอกสาร ด้วยวิธีประกวดราคาอิเล็กทรอนิกส์ กําหนดให้ระยะเวลาสําหรับผู้ประกอบการ
เตรียมตัวการจัดทําเอกสารกี่วัน",ไม่น้อยกว่า 12 วันทําการ,ระเบียบกระทรวงการคลัง ว่าด้วยการจัดซื้อจัดจ้างและการบริหารพัสดุภาครัฐ   พ.ศ. 2560 ข้อ 51 (3) หน้า 17
คณะกรรมการซื้อหรือจ้าง แต่ละคณะประกอบด้วย ประธานและกรรมการจํานวนเท่าไรเป็นอย่างน้อย,ประธานกรรมการ 1 คน กรรมการอย่างน้อย 2 คน,ระเบียบกระทรวงการคลัง ว่าด้วยการจัดซื้อจัดจ้างและการบริหารพัสดุภาครัฐ   พ.ศ. 2560 ข้อ 23 หน้า 10
วิธีการซื้อหรือจ้าง กระทําได้กี่วิธี อะไรบ้าง,"มี 3 วิธี คือ วิธีเฉพาะเจาะจง, วิธีคัดเลือก, วิธีประกาศเชิญชวนทั่วไป",ระเบียบกระทรวงการคลัง ว่าด้วยการจัดซื้อจัดจ้างและการบริหารพัสดุภาครัฐ   พ.ศ. 2560 ข้อ 28 หน้า 11 
"หลักประกันการเสนอราคาและหลักประกันสัญญาให้กําหนดมูลค่าเป็นจํานวนเต็มในอัตราร้อยละ
เท่าไหร่ของวงเงินงบประมาณหรือราคาพัสดุที่จะจัดซื้อจัดจ้าง",อัตราร้อยละ 5,ระเบียบกระทรวงการคลัง ว่าด้วยการจัดซื้อจัดจ้างและการบริหารพัสดุภาครัฐ   พ.ศ. 2560  ข้อ 168 
วิธีการสอบราคา คือการจัดซื้อจัดจ้างครั้งหนึ่ง ซึ่งมีวงเงินอย่างไร,"วงเงินเกิน 500,000 แต่ไม่เกิน 5,000,000",ระเบียบกระทรวงการคลัง ว่าด้วยการจัดซื้อจัดจ้างและการบริหารพัสดุภาครัฐ   พ.ศ. 2560  ข้อ 32 (หน้า 12) 
"กรมที่ดินจะดําเนินการซื้อกล้องสํารวจแบบประมวลผลรวม ราคา 600,000 บาท จะต้อง
ดําเนินการโดยวิธีใด",วิธีประกวดราคาอิเล็กทรอนิกส์ (E-bidding),ระเบียบกระทรวงการคลัง ว่าด้วยการจัดซื้อจัดจ้างและการบริหารพัสดุภาครัฐ   พ.ศ. 2560 ข้อ 31 (หน้า 12)
"การขายอุปกรณ์อิเล็กทรอนิกส์ (โทรศัพท์, แท็บเล็ต) ให้แก่เจ้าหน้าที่ของรัฐที่หน่วยงานของรัฐ
มอบไว้ให้ใช้งานในหน้าที่ เมื่อบุคคลดังกล่าวพ้นจากหน้าที่หรืออุปกรณ์พ้นระยะเวลาการใช้งานแล้ว ให้ขายให้แก่
บุคคลดังกล่าวโดยวิธีใด",วิธีเฉพาะเจาะจง,ระเบียบกระทรวงการคลัง ว่าด้วยการจัดซื้อจัดจ้างและการบริหารพัสดุภาครัฐ   พ.ศ. 2560 ข้อ 125 (ค) หน้า 68 
"ตุลาการศาลปกครองเป็น “หัวหน้าหน่วยงานของรัฐ” ตามระเบียบกระทรวงการคลัง ว่าด้วยการ
จัดซื้อจัดจ้างและการบริหารพัสดุภาครัฐ พ.ศ. 2560 หรือไม่",ไม่เป็น,ระเบียบกระทรวงการคลัง ว่าด้วยการจัดซื้อจัดจ้างและการบริหารพัสดุภาครัฐ พ.ศ. 2560 ข้อ 4 หน้า 1
"การเช่าอสังหาริมทรัพย์ และเช่าสังหาริมทรัพย์ ในกรณีมีความจําเป็นต้องจ่ายเงินค่าเช่าล่วงหน้า 
กระทําได้เฉพาะกรณีการเช่าซึ่งมีระยะเวลาอย่างไร",ระยะเวลาไม่เกิน 3 ปี,ระเบียบกระทรวงการคลัง ว่าด้วยการจัดซื้อจัดจ้างและการบริหารพัสดุภาครัฐ   พ.ศ. 2560 ข้อ 92 หน้า 29 
"“ราคากลาง” ตามหลักเกณฑ์ที่คณะกรรมการ ป.ป.ช.กําหนด มีความหมายตามพ.ร.บ. 
การจัดซื้อจัดจ้างและการบริหารพัสดุภาครัฐ พ.ศ. 2560 ใช่หรือไม่","ไม่ใช่ ราคากลาง หมายความว่า ราคาเพื่อใช้เป็นฐานสําหรับเปรียบเทียบราคาที่ผู้ยื่นข้อเสนอ 
ได้ยื่นเสนอไว้ซึ่งสามารถจัดซื้อจัดจ้างได้จริงตามลําดับ ดังต่อไปนี้ 
  
  
(1) ราคาที่ได้มาจากการคํานวณตามหลักเกณฑ์ที่คณะกรรมการราคากลางกําหนด 
  
  
(2) ราคาที่ได้มาจากฐานข้อมูลราคาอ้างอิงของพัสดุที่กรมบัญชีกลางจัดทํา 
  
  
(3) ราคามาตรฐานที่สํานักงบประมาณหรือหน่วยงานกลางอื่นกําหนด 
  
  
(4) ราคาที่ได้มาจากการสืบราคาจากท้องตลาด 
  
  
(5) ราคาที่เคยซื้อหรือจ้างครั้งหลังสุดภายในระยะเวลาสองปีงบประมาณ 
  
  
(6) ราคาอื่นใดตามหลักเกณฑ์ วิธีการ หรือแนวทางปฏิบัติของหน่วยงานของรัฐนั้น ๆ",พ.ร.บ.การจัดซื้อจัดจ้างและการบริหารพัสดุภาครัฐ พ.ศ. 2560 มาตรา 4
"โทษ สําหรับเจ้าหน้าที่ที่ปฏิบัติหรือละเว้นการปฏิบัติหน้าที่ในการจัดซื้อจัดจ้างโดยทุจริต  
ตาม พ.ร.บ.การจัดซื้อจัดจ้างและการบริหารพัสดุภาครัฐ พ.ศ. 2560 มีอัตราโทษเท่าใด","ผู้ใดเป็นเจ้าหน้าที่หรือเป็นผู้มีอํานาจหน้าที่ในการดําเนินการเกี่ยวกับการจัดซื้อจัดจ้างหรือ 
การบริหารพัสดุ ปฏิบัติหรือละเว้นการปฏิบัติหน้าที่ในการจัดซื้อจัดจ้างหรือการบริหารพัสดุตามพระราชบัญญัตินี้ 
กฎกระทรวง ระเบียบ หรือประกาศที่ออกตามความในพระราชบัญญัตินี้ โดยทุจริต ต้องระวางโทษจําคุกตั้งแต่ 
หนึ่งปีถึงสิบปี หรือปรับตั้งแต่สองหมื่นบาทถึงสองแสนบาทหรือทั้งจําทั้งปรับ",พ.ร.บ.การจัดซื้อจัดจ้างและการบริหารพัสดุภาครัฐ พ.ศ. 2560 มาตรา 120 วรรคหนึ่ง
พ.ร.บ.การจัดซื้อจัดจ้างและการบริหารพัสดุภาครัฐ พ.ศ. 2560 มีผลบังคับใช้เมื่อใด,"เมื่อพ้นกําหนดหนึ่งร้อยแปดสิบวันนับแต่วันประกาศ ในราชกิจจานุเบกษาเป็นต้นไป ซึ่งได้
ประกาศในราชกิจจานุเบกษา เมื่อวันที่ 24 กุมภาพันธ์ 2560 ครบกําหนด 180 วัน เมื่อวันที่ 23 สิงหาคม 2560",พ.ร.บ.การจัดซื้อจัดจ้างและการบริหารพัสดุภาครัฐ พ.ศ. 2560 มาตรา 2
ใครเป็นประธานกรรมการคณะกรรมการราคากลางและขึ้นทะเบียนผู้ประกอบการ ตาม พ.ร.บ.การจัดซื้อจัดจ้างและการบริหารพัสดุภาครัฐ พ.ศ. 2560,อธิบดีกรมบัญชีกลาง เป็นประธานกรรมการคณะกรรมการราคากลางและขึ้นทะเบียน ผู้ประกอบการ โดยตําแหน่ง,พ.ร.บ.การจัดซื้อจัดจ้างและการบริหารพัสดุภาครัฐ พ.ศ. 2560 มาตรา 32
"การตีความและวินิจฉัยปัญหาข้อหารือเกี่ยวกับหลักเกณฑ์และวิธีการตามที่ พ.ร.บ. การจัดซื้อ 
จัดจ้างและการบริหารพัสดุภาครัฐ พ.ศ. 2560 กําหนด เป็นอํานาจหน้าที่ของคณะกรรมการพิจารณาอุทธรณ์ 
และข้อร้องเรียน ใช่หรือไม่","ไม่ใช่ คณะกรรมการพิจารณาอุทธรณ์มีอํานาจหน้าที่ ดังต่อไปนี้ 
  
(1) พิจารณาและวินิจฉัยอุทธรณ์ตามมาตรา 119 
  
(2) พิจารณาข้อร้องเรียนกรณีที่เห็นว่าหน่วยงานของรัฐมิได้ปฏิบัติให้เป็นไปตามแนวทางของ
พระราชบัญญัตินี้ กฎกระทรวง หรือระเบียบที่ออกตามความในพระราชบัญญัตินี้ 
  
(3) จัดทํารายงานเกี่ยวกับปัญหาและอุปสรรคในการดําเนินการพิจารณาอุทธรณ์และข้อร้องเรียนเสนอ
คณะกรรมการนโยบายอย่างน้อยปีละหนึ่งครั้ง  
  
(4) ปฏิบัติหน้าที่อื่นตามที่กําหนดในพระราชบัญญัตินี้ หรือตามที่คณะกรรมการ-นโยบายรัฐมนตรี หรือ
คณะรัฐมนตรีมอบหมาย",พ.ร.บ.การจัดซื้อจัดจ้างและการบริหารพัสดุภาครัฐ พ.ศ. 2560 มาตรา 43
"กรณีมีความจําเป็นต้องใช้พัสดุนั้นโดยฉุกเฉิน เนื่องจากเกิดอุบัติภัยหรือภัยธรรมชาติ หรือเกิด
โรคติดต่ออันตราย เป็นเงื่อนไขการจัดซื้อจัดจ้างโดยวิธีคัดเลือก ตาม พ.ร.บ.การจัดซื้อจัดจ้างและการบริหารพัสดุ
ภาครัฐ พ.ศ. 2560 ใช่หรือไม่","ไม่ใช่ มาตรา 56 การจัดซื้อจัดจ้างพัสดุ ให้หน่วยงานของรัฐเลือกใช้วิธีประกาศเชิญชวน 
ทั่วไปก่อน  เว้นแต่  
  
(1)  กรณีดังต่อไปนี้ ให้ใช้วิธีคัดเลือก 
  
 
(ก) ใช้วิธีประกาศเชิญชวนทั่วไปแล้ว แต่ไม่มีผู้ยื่นข้อเสนอ หรือข้อเสนอนั้นไม่ได้รับการคัดเลือก 
  
 
(ข) พัสดุที่ต้องการจัดซื้อจัดจ้างมีคุณลักษณะเฉพาะเป็นพิเศษหรือซับซ้อนหรือต้องผลิต จําหน่าย 
ก่อสร้าง หรือให้บริการโดยผู้ประกอบการที่มีฝีมือโดยเฉพาะ หรือมีความชํานาญเป็นพิเศษ หรือมีทักษะสูง  
และผู้ประกอบการนั้นมีจํานวนจํากัด 
  
 
(ค) มีความจําเป็นเร่งด่วนที่ต้องใช้พัสดุนั้นอันเนื่องมาจากเกิดเหตุการณ์ที่ไม่อาจคาดหมายได้  
ซึ่งหากใช้วิธีประกาศเชิญชวนทั่วไปจะทําให้ไม่ทันต่อความต้องการใช้พัสดุ 
  
 
(ง) เป็นพัสดุที่โดยลักษณะของการใช้งาน หรือมีข้อจํากัดทางเทคนิคที่จําเป็นต้องระบุยี่ห้อ 
เป็นการเฉพาะ 
  
 
(จ) เป็นพัสดุที่จําเป็นต้องซื้อโดยตรงจากต่างประเทศ หรือดําเนินการโดยผ่านองค์การระหว่าง
ประเทศ(ช) เป็นงานจ้างซ่อมพัสดุที่จําเป็นต้องถอดตรวจ ให้ทราบความชํารุดเสียหายเสียก่อนจึงจะประมาณ
ค่าซ่อมได้ เช่น งานจ้างซ่อมเครื่องจักร เครื่องมือกล เครื่องยนต์ เครื่องไฟฟ้า หรือเครื่องอิเล็กทรอนิกส์ 
  
 
(ซ) กรณีอื่นตามที่กําหนดในกฎกระทรวง",พ.ร.บ.การจัดซื้อจัดจ้างและการบริหารพัสดุภาครัฐ พ.ศ. 2560 มาตรา 56 (1)
"คุณสมบัติหรือลักษณะต้องห้ามอื่นตามที่คณะกรรมการนโยบายประกาศกําหนด  
เป็นหลักเกณฑ์อื่นที่ต้องใช้พิจารณาประกอบในการจัดซื้อจัดจ้างโดยวิธีประกาศเชิญชวน และวิธีคัดเลือก  
ตาม พ.ร.บ.การจัดซื้อจัดจ้างและการบริหารพัสดุภาครัฐ พ.ศ. 2560 ใช่หรือไม่","มาตรา 65  ในการพิจารณาคัดเลือกข้อเสนอโดยวิธีตามมาตรา 55 (1) หรือ (2)  ให้หน่วยงาน
ของรัฐดําเนินการโดยพิจารณาถึงประโยชน์ของหน่วยงานของรัฐ และวัตถุประสงค์ของการใช้งานเป็นสําคัญ  
โดยให้คํานึงถึงเกณฑ์ราคาและพิจารณาเกณฑ์อื่นประกอบด้วย ดังต่อไปนี้ 
  
  
(1) ต้นทุนของพัสดุนั้นตลอดอายุการใช้งาน 
  
  
(2) มาตรฐานของสินค้าหรือบริการ 
  
  
(3) บริการหลังการขาย 
  
  
(4) พัสดุที่รัฐต้องการส่งเสริมหรือสนับสนุน 
  
  
(5) การประเมินผลการปฏิบัติงานของผู้ประกอบการ 
  
  
(6) ข้อเสนอด้านเทคนิคหรือข้อเสนออื่น ในกรณีที่กําหนดให้มีการยื่นข้อเสนอด้านเทคนิค 
หรือข้อเสนออื่นก่อนตามวรรคหก 
  
  
(7) เกณฑ์อื่นตามที่กําหนดในกฎกระทรวง",พ.ร.บ.การจัดซื้อจัดจ้างและการบริหารพัสดุภาครัฐ พ.ศ. 2560 มาตรา 65
"กรมที่ดินได้ทําสัญญาซื้อขายกระดาษโฉนดที่ดิน จากบริษัท วันดี จํากัด  
วงเงิน 5,000,000 บาท เมื่อวันที่ 31 มีนาคม 2560 กําหนดส่งของภายใน 60 วัน บริษัทฯ ได้ส่งมอบของ 
เมื่อวันที่ 28 พฤษภาคม 2560 คณะกรรมการตรวจรับพัสดุ ได้ตรวจรับวันที่ 31 พฤษภาคม 2560 ปรากฏว่า
บริษัทฯ ส่งมอบของไม่ถูกต้อง กรมที่ดินได้มีหนังสือ ลงวันที่ 3 มิถุนายน 2560 แจ้งบริษัทฯ แก้ไข ซึ่งบริษัทฯ 
ได้รับหนังสือวันที่ 5 มิถุนายน 2560 และส่งมอบของใหม่ ในวันที่ 7 มิถุนายน 2560 บริษัท วันดี จํากัด  
ต้องถูกปรับจากการส่งมอบครั้งนี้ของหรือไม่","บริษัท วันดี จํากัด ไม่ต้องถูกปรับจากการส่งมอบของครั้งนี้  วิธีการคิดค่าปรับ ดังนี้  
  
บริษัทฯ ส่งมอบกระดาษโฉนดที่ดินให้กรมที่ดิน เมื่อวันที่ 28 พฤษภาคม 2560 ก่อนครบกําหนดสัญญา  
2 วัน (สัญญาครบกําหนดวันที่ 30 พฤษภาคม 2560) คณะกรรมการตรวจรับพัสดุ ตรวจรับเมื่อวันที่ 31 พฤษภาคม 
2561 และกรมที่ดินแจ้งผลการตรวจรับให้บริษัทฯ ทราบ เมื่อวันที่ 5 มิถุนายน 2560 ซึ่งบริษัทฯ ได้ใช้เวลา 2 วัน 
ในการส่งมอบของให้ใหม่เมื่อวันที่ 7 มิถุนายน 2560 และเมื่อคณะกรรมการฯ ตรวจรับครั้งที่ 2 เมื่อวันที่ 9 
มิถุนายน 2560 ปรากฏว่า ครบถ้วน ถูกต้อง  จึงต้องถือว่าบริษัทฯ ส่งมอบของถูกต้องตั้งแต่วันที่ 5 มิถุนายน 2560ู
ุ
ตรวจรับล่าช้า จนถึงวันที่บริษัทฯ ได้รับทราบผลการตรวจรับ (วันที่ 29 พฤษภาคม –  5 มิถุนายน 2560) ซึ่งเป็น
เหตุของการลดค่าปรับ ตามมาตรา 102 เป็นเวลา 8 วัน (ค่าปรับ = (วันที่ 31 พ.ค. – 7 มิ.ย. 60 = 8 วัน) หักด้วย
ระยะเวลาที่ใช้ไปในการตรวจรับ (วันที 29 พ.ค. – 5 มิ.ย. 60 = 8 วัน))",พ.ร.บ.การจัดซื้อจัดจ้างและการบริหารพัสดุภาครัฐ พ.ศ. 2560 มาตรา 102 การงดหรือ  ลดค่าปรับให้แก่คู่สัญญา หรือการขยายเวลาทําการตามสัญญาหรือข้อตกลง ให้อยู่ในดุลพินิจของผู้มีอํานาจ  ที่จะพิจารณาได้ตามจํานวนวันที่มีเหตุเกิดขึ้นจริง เฉพาะในกรณี ดังต่อไปนี้     (1) เหตุเกิดจากความผิดหรือความบกพร่องของหน่วยงานของรัฐ     (2) เหตุสุดวิสัย     (3) เหตุเกิดจากพฤติการณ์อันหนึ่งอันใดที่คู่สัญญาไม่ต้องรับผิดตามกฎหมาย     (4) เหตุอื่นตามที่กําหนดในกฎกระทรวง
"บริษัท ซีพีก่อสร้าง จํากัด ส่งมอบงานจ้างก่อสร้างอาคารสํานักงานที่ดิน ซึ่งในระหว่างประกัน
ความชํารุดบกพร่อง 2 ปี ปรากฏว่าฟ้าเพดานแตกร้าว บริษัทฯ รับทราบแล้วแต่ไม่ยอมเข้ามาซ่อมแก้ไข กรณีดังกล่าว
ถือว่าเป็นการกระทําโดยไม่มีเหตุผลอันสมควร เป็นเหตุให้ถูกสั่งลงโทษเป็นผู้ทิ้งงาน   ตาม พ.ร.บ.การจัดซื้อจัดจ้างและ
การบริหาร พัสดุภาครัฐ พ.ศ. 256 หรือไม่","ไม่เข้าลักษณะการกระทําอันมีลักษณะเป็นเหตุให้ถูกสั่งลงโทษเป็นผู้ทิ้งงาน ตาม มาตรา 109 ดังนี้  
  
(1) เป็นผู้ยื่นข้อเสนอที่ได้รับการคัดเลือกแล้วไม่ยอมไปทําสัญญาหรือข้อตกลงเป็นหนังสือกับหน่วยงาน 
ของรัฐภายในเวลาที่กําหนด 
  
(2) คู่สัญญาของหน่วยงานของรัฐหรือผู้รับจ้างช่วงที่หน่วยงานของรัฐอนุญาตให้รับช่วงงานได้ไม่ปฏิบัติตาม
สัญญาหรือข้อตกลงเป็นหนังสือนั้น 
  
(3) เมื่อปรากฏว่าผู้ยื่นข้อเสนอหรือคู่สัญญาของหน่วยงานของรัฐกระทําการอันมีลักษณะเป็นการขัดขวาง
การแข่งขันราคาอย่างเป็นธรรม หรือกระทําการโดยไม่สุจริต 
  
(4) เมื่อปรากฏว่าผลการปฏิบัติตามสัญญาของที่ปรึกษาหรือผู้ให้บริการงานจ้างออกแบบหรือควบคุม 
งานก่อสร้างมีข้อบกพร่อง ผิดพลาด หรือก่อให้เกิดความเสียหายแก่หน่วยงานของรัฐอย่างร้ายแรง 
  
(5) เมื่อปรากฏว่าผู้ให้บริการงานจ้างออกแบบหรือควบคุมงานก่อสร้างหรือผู้ประกอบการงานก่อสร้าง 
ไม่ปฏิบัติตามมาตรา 88 
  
(6) การกระทําอื่นตามที่กําหนดในกฎกระทรวง",พ.ร.บ.การจัดซื้อจัดจ้างและการบริหารพัสดุภาครัฐ พ.ศ. 2560 มาตรา 109
บริษัท ดํารงก่อสร้าง จํากัด ขอขยายระยะเวลาการก่อสร้างอาคารสํานักงานที่ดินออกไปอีก 60 วัน เนื่องจากการก่อสร้างในช่วงฤดูฝนน้ําท่วมขัง ถนนตัดขาด ไม่สามารถทํางานก่อสร้างได้ กรณีดังกล่าวถือเป็น เหตุที่จะนํามาพิจารณาขยายระยะเวลาทําการตามสัญญา ตาม พ.ร.บ.การจัดซื้อจัดจ้างและการบริหารพัสดุ ภาครัฐ พ.ศ. 2560 ได้หรือไม่,บริษัท ดํารงก่อสร้าง จํากัด ไม่สามารถอ้างเหตุที่มีน้ําท่วมขัง และถนนตัดขาด เพื่อมาขอขยาย ระยะเวลาได้ เนื่องจากในช่วงฤดูฝน เป็นเหตุการณ์ปกติตามฤดูกาลที่เกิดขึ้น มิใช่เหตุสุดวิสัย เพราะเกิดอุทกภัย แต่อย่างใด ผู้รับจ้างจึงไม่อาจอ้างเอาเหตุที่ฝนตกน้ําท่วมบริเวณที่ก่อสร้างมาเป็นอุปสรรคเพื่อขอต่ออายุสัญญาได้ (คําพิพากษาศาลปกครองสูงสุด ที่ อ.303/2554),พ.ร.บ.การจัดซื้อจัดจ้างและการบริหารพัสดุภาครัฐ พ.ศ. 2560 มาตรา 102 การงดหรือ ลดค่าปรับให้แก่คู่สัญญา หรือการขยายเวลาทําการตามสัญญาหรือข้อตกลง ให้อยู่ในดุลพินิจของผู้มีอํานาจ ที่จะพิจารณาได้ตามจํานวนวันที่มีเหตุเกิดขึ้นจริง เฉพาะในกรณี ดังต่อไปนี้ (1) เหตุเกิดจากความผิดหรือความบกพร่องของหน่วยงานของรัฐ (2) เหตุสุดวิสัย (3) เหตุเกิดจากพฤติการณ์อันหนึ่งอันใดที่คู่สัญญาไม่ต้องรับผิดตามกฎหมาย (4) เหตุอื่นตามที่กําหนดในกฎกระทรวง
"ราคากลางที่จะจัดซื้อจัดจ้าง เป็นรายการที่ต้องระบุไว้ในแผนการจัดซื้อจัดจ้างประจําปี
ตามระเบียบกระทรวงการคลังว่าด้วยการจัดซื้อจัดจ้างและการบริหารพัสดุภาครัฐ พ.ศ. 2560 หรือไม่ ",ไม่ใช่,ตามระเบียบกระทรวงการคลังว่าด้วยการจัดซื้อจัดจ้างและการบริหารพัสดุภาครัฐ พ.ศ. 2560 หมวด 1 ส่วนที่ 5 ข้อ 11 แผนการจัดซื้อจัดจ้างประจําปีให้ประกอบด้วยรายการอย่างน้อย ดังต่อไปนี้ 1. ชื่อโครงการที่จะจัดซื้อจัดจ้าง 2. วงเงินที่จะจัดซื้อจัดจ้างโดยประมาณ 3. ระยะเวลาที่คาดว่าจะจัดซื้อจัดจ้าง 4. รายการอื่นตามที่กรมบัญชีกลางกําหนด
"ตามระเบียบกระทรวงการคลังว่าด้วยการจัดซื้อจัดจ้างและการบริหารพัสดุภาครัฐ พ.ศ. 2560  
ให้เจ้าหน้าที่จัดทําเอกสารซื้อหรือจ้างด้วยวิธีประกวดราคาอิเล็กทรอนิกส์พร้อมกับเอกสารใดตามแบบ        
ที่คณะกรรมการนโยบายกําหนด",ประกาศเชิญชวน,"ตามระเบียบกระทรวงการคลังว่าด้วยการจัดซื้อจัดจ้างและการบริหารพัสดุภาครัฐ  พ.ศ. 2560 หมวด 2 ส่วนที่ 2 ข้อ 43 ให้เจ้าหน้าที่จัดทําเอกสารซื้อหรือจ้างด้วยวิธีประกวดราคาอิเล็กทรอนิกส์
พร้อมกับประกาศเชิญชวน ตามแบบที่คณะกรรมการนโยบายกําหนด "
"มติที่ประชุมของคณะกรรมการแต่ละคณะตามระเบียบกระทรวงการคลังว่าด้วยการ 
จัดซื้อจัดจ้างและการบริหารพัสดุภาครัฐ พ.ศ. 2560 ให้ถืออย่างไร","มติของคณะกรรมการทุกคณะให้ถือเสียงข้างมาก เว้นแต่คณะกรรมการตรวจรับพัสดุ 
ให้ถือมติเอกฉันท์ให้ประธานกรรมการออกเสียงเพิ่มขึ้นอีกเสียงหนึ่งเป็นเสียงชี้ขาด เว้นแต่คณะกรรมการตรวจรับพัสดุให้ถือ 
มติเอกฉันท์ ",ตามระเบียบกระทรวงการคลังว่าด้วยการจัดซื้อจัดจ้างและการบริหารพัสดุภาครัฐ พ.ศ. 2560 หมวด 2 ส่วนที่ 2 ข้อ 27 วรรค 2 มติของคณะกรรมการให้ถือเสียงข้างมาก ถ้าคะแนนเสียงเท่ากัน ให้ประธานกรรมการออกเสียงเพิ่มขึ้นอีกเสียงหนึ่งเป็นเสียงชี้ขาด เว้นแต่คณะกรรมการตรวจรับพัสดุให้ถือ มติเอกฉันท์
"เมื่อได้ดําเนินการจัดซื้อจัดจ้างเสร็จเรียบร้อยแล้ว ต้องทําสัญญาตามแบบที่คณะกรรมการใด
เป็นผู้กําหนด",คณะกรรมการนโยบายการจัดซื้อจัดจ้างและการบริหารพัสดุภาครัฐ,ตามพระราชบัญญัติการจัดซื้อจัดจ้างและการบริหารพัสดุภาครัฐ พ.ศ. 2560 หมวด 9 มาตรา 93 วรรค 1 หน่วยงานของรัฐต้องทําสัญญาตามแบบที่คณะกรรมการนโยบายกําหนด โดยความเห็นของสํานักงานอัยการสูงสุด ทั้งนี้ แบบสัญญานั้นให้ประกาศในราชกิจจานุเบกษาด้วย
"ผู้ยื่นข้อเสนอเพื่อทําการจัดซื้อจัดจ้างพัสดุ จะยื่นอุทธรณ์ในเรื่อง “การเลือกใช้วิธีการจัดซื้อจัดจ้าง
ของหน่วยงานของรัฐ และการเลือกเกณฑ์ที่ใช้ในการพิจารณาผล” ได้หรือไม่",ไม่ได้,ตามพระราชบัญญัติการจัดซื้อจัดจ้างและการบริหารพัสดุภาครัฐ พ.ศ. 2560  หมวด 14 มาตรา 114 และ 115       มาตรา 114 ผู้ซึ่งได้ยื่นข้อเสนอเพื่อทําการจัดซื้อจัดจ้างพัสดุกับหน่วยงานของรัฐ  มีสิทธิอุทธรณ์เกี่ยวกับการ จัดซื้อจัดจ้างพัสดุ ในกรณีที่เห็นว่าหน่วยงานของรัฐมิได้ปฏิบัติให้เป็นไปตามหลักเกณฑ์และวิธีการที่กําหนด  ในพระราชบัญญัตินี้ กฎกระทรวง ระเบียบ หรือประกาศที่ออกตามความในพระราชบัญญัตินี้เป็นเหตุให้ตนไม่ได้รับ การประกาศผลเป็นผู้ชนะหรือไม่ได้รับการคัดเลือกเป็นคู่สัญญากับหน่วยงานของรัฐ     มาตรา 115 ผู้มีสิทธิอุทธรณ์จะยื่นอุทธรณ์ในเรื่องดังต่อไปนี้ไม่ได้          (1) การเลือกใช้วิธีการจัดซื้อจัดจ้างหรือเกณฑ์ที่ใช้ในการพิจารณาผลการจัดซื้อจัดจ้าง ตามพระราชบัญญัตินี้ของหน่วยงานของรัฐ                                (2) การยกเลิกการจัดซื้อจัดจ้างตามมาตรา 67          (3) การละเว้นการอ้างถึงพระราชบัญญัตินี้ กฎกระทรวง ระเบียบ หรือประกาศที่ออก ตามพระราชบัญญัตินี้ในส่วนที่เกี่ยวข้องโดยตรงกับการจัดซื้อจัดจ้างในประกาศ เอกสารหรือหนังสือเชิญชวนของ หน่วยงานของรัฐ          (4) กรณีอื่นตามที่กําหนดในกฎกระทรวง
"กรมที่ดินได้ดําเนินการประกวดราคาซื้อคอมพิวเตอร์และอุปกรณ์ จํานวน 300 ชุด ด้วยวิธีประกวด
ราคาอิเล็กทรอนิกส์ เป็นเงินงบประมาณ 3,000,000 บาท โดยกําหนดให้ผู้ประกอบการเสนอราคาด้วยวิธีประกวด
ราคาอิเล็กทรอนิกส์ ในวันที่ 1 กันยายน 2560 เมื่อสิ้นสุดการเสนอราคาคณะกรรมการพิจารณาผลการประกวด
ราคา จะต้องดําเนินการอย่างไรตามระเบียบฯ เป็นลําดับแรก","จัดพิมพ์ใบเสนอราคาและเอกสารการเสนอราคาของผู้ยื่นข้อเสนอทุกรายจากระบบ  
ประกวดราคาอิเล็กทรอนิกส์ จํานวน 1 ชุด โดยให้กรรมการทุกคนลงลายมือชื่อกํากับไว้ในใบเสนอราคา  
และเอกสารการเสนอราคาของผู้ยื่นข้อเสนอทุกแผ่น(1) จัดพิมพ์ใบเสนอราคาและเอกสารการเสนอราคาของผู้ยื่นข้อเสนอทุกรายจากระบบ ประกวดราคา
อิเล็กทรอนิกส์ จํานวน 1 ชุด โดยให้กรรมการทุกคนลงลายมือชื่อกํากับไว้ในใบเสนอราคา และเอกสารการเสนอ
ราคาของผู้ยื่นข้อเสนอทุกแผ่น ",ตามระเบียบกระทรวงการคลังว่าด้วยการจัดซื้อจัดจ้างและการบริหารพัสดุภาครัฐ พ.ศ. 2560 หมวด 2 ส่วนที่ 2 ข้อ 55 (1) จัดพิมพ์ใบเสนอราคาและเอกสารการเสนอราคาของผู้ยื่นข้อเสนอทุกรายจากระบบ ประกวดราคา อิเล็กทรอนิกส์ จํานวน 1 ชุด โดยให้กรรมการทุกคนลงลายมือชื่อกํากับไว้ในใบเสนอราคา และเอกสารการเสนอ ราคาของผู้ยื่นข้อเสนอทุกแผ่น
"กรมที่ดินได้ทําสัญญาจ้างซ่อมเครื่องถ่ายเอกสาร เป็นเงินรวม 150,000 บาท โดยการเปลี่ยนอะไหล่ 3 รายการ (ค่าปรับในอัตราวันละ 0.10 แต่ต้องไม่ต่ํากว่าวันละ 100 บาท) ซึ่งครบกําหนดส่งมอบงานในวันที่ 15 มิถุนายน 2560 ผู้รับจ้างได้ส่งมอบการซ่อมเครื่องถ่ายเอกสารให้ในวันที่ 15 มิถุนายน 2560 คณะกรรมการตรวจรับ พัสดุ ได้ตรวจรับการซ่อมเครื่องถ่ายเอกสาร ปรากฏว่าผู้รับจ้างได้เปลี่ยนอะไหล่ให้ 3 รายการ ครบถ้วน ถูกต้อง ตามเงื่อนไขของสัญญา แต่เครื่องถ่ายไม่สามารถใช้งานได้ จะต้องเปลี่ยนอะไหล่เพิ่มอีก 2 รายการ คณะกรรมการ ตรวจรับพัสดุ จะต้องดําเนินการอย่างไรให้เป็นไปตามระเบียบฯ",ตรวจรับงานจ้างซ่อมเครื่องถ่ายเอกสาร เนื่องจากผู้รับจ้างเปลี่ยนอะไหล่ให้ถูกต้อง ครบถ้วน ตามสัญญา,ตามระเบียบกระทรวงการคลังว่าด้วยการจัดซื้อจัดจ้างและการบริหารพัสดุภาครัฐ พ.ศ. 2560 หมวด 6 ข้อ 175
"กรมที่ดินได้ทําสัญญาซื้อขายคอมพิวเตอร์ จํานวน 50 ชุด เป็นเงินรวมทั้งสิ้น 2,000,000 บาท  
(ค่าปรับตามสัญญากําหนดในอัตราร้อยละ 0.20) ครบกําหนดส่งมอบในวันที่ 10 พฤษภาคม 2560 ผู้ขายส่งของ 
เมื่อวันที่ 10 พฤษภาคม 2560 คณะกรรมการตรวจรับพัสดุได้ดําเนินการตรวจรับ  ในวันที่ผู้ขายได้นําสิ่งของมาส่งมอบ 
ผลปรากฏว่าคอมพิวเตอร์ จํานวน 50 ชุด ครบถ้วนถูกต้อง แต่จอภาพชํารุดใช้งานไม่ได้จํานวน 10 จอ ได้แจ้งให้ผู้ขายทราบ
ในวันที่ 12 พฤษภาคม 2560 เพื่อให้นําจอภาพที่ชํารุดมาเปลี่ยน ปรากฏว่าผู้ขายได้นําจอภาพจํานวน 10 จอ มาเปลี่ยนให้ 
ในวันที่ 20 พฤษภาคม 2560 คณะกรรมการตรวจรับพัสดุ จึงได้ร่วมกันตรวจรับปรากฏว่าจอภาพสามารถใช้งานได้ตาม
เงื่อนไขของสัญญา อยากทราบว่ากรณีนี้ผู้ขายจะต้องถูกปรับกี่วัน และเป็นจํานวนเงินเท่าไร","จํานวนวันที่ผู้ขายต้องเสียค่าปรับ  8 วัน เป็นเงิน  6,400  บาท 
  
  
- จํานวน 8 วัน (13 – 20 พฤษภาคม 2560) 
  
  
- 6,400 บาท (คอมฯ 10 ชุด เป็นเงิน 400,000 บาท = 400,000 X .002 X 8 วัน)",ตามระเบียบกระทรวงการคลังว่าด้วยการจัดซื้อจัดจ้างและการบริหารพัสดุภาครัฐ   พ.ศ. 2560 หมวด 5 ส่วนที่ 1
"นายสีสด เลือดแดง ได้รับแต่งตั้งให้เป็นคณะกรรมการตรวจรับพัสดุในการจ้างก่อสร้างอาคาร 
สํานักงานที่ดินจังหวัดพร้อมส่วนประกอบที่จําเป็น ในฐานะที่ท่านเป็นหัวหน้าเจ้าหน้าที่ ท่านจะแนะนําให้ 
นายสีสด เลือดแดง ดําเนินการอย่างไร","แนะนําให้ดําเนินการตามหน้าที่ของคณะกรรมการตรวจรับพัสดุในงานจ้างก่อสร้าง 
ตามระเบียบกระทรวงการคลังว่าด้วยการจัดซื้อจัดจ้างและการบริหารพัสดุภาครัฐ พ.ศ. 2560 หมวด 6 ข้อ 176",ตามระเบียบกระทรวงการคลังว่าด้วยการจัดซื้อจัดจ้างและการบริหารพัสดุภาครัฐ พ.ศ. 2560 หมวด 6 ข้อ 176
"ผู้รับจ้างขอเปลี่ยนแปลงวัสดุในการก่อสร้างตามที่ได้ใช้ก่อสร้างจริง ซึ่งวัสดุดังกล่าวมีคุณสมบัติต่ํากว่า
ที่กําหนดไว้ในสัญญา สามารถแก้ไขเปลี่ยนแปลงสัญญาได้หรือไม่ อย่างไร",ไม่ได้ เนื่องจากวัสดุที่ผู้รับจ้างขอเปลี่ยนแปลงมีคุณสมบัติต่ํากว่าที่กําหนดไว้ในสัญญา ทําให้รัฐ เสียประโยชน์ ตามนัยพระราชบัญญัติการจัดซื้อจัดจ้างและการบริหารพัสดุภาครัฐ พ.ศ. 2560 มาตรา 97 ซึ่งกําหนดว่า “สัญญาหรือข้อตกลงเป็นหนังสือที่ได้ลงนามแล้วจะแก้ไขเปลี่ยนแปลงมิได้ เว้นแต่การแก้ไขนั้น เป็นการแก้ไข ตามมาตรา 93 วรรคห้า ในกรณีที่มีความจําเป็นต้องแก้ไขสัญญาหรือข้อตกลง หากการแก้ไขนั้นไม่ทําให้หน่วยงาน ของรัฐเสียประโยชน์ หรือเป็นการแก้ไขเพื่อประโยชน์แก่หน่วยงานของรัฐหรือประโยชน์สาธารณะ หรือกรณีอื่น ตามที่กําหนดในกฎกระทรวง”,พระราชบัญญัติการจัดซื้อจัดจ้างและการบริหารพัสดุภาครัฐ พ.ศ. 2560 มาตรา 97
"คณะกรรมการที่ได้รับมอบหมายให้ปฏิบัติหน้าที่แทนคณะกรรมการ กวพ. เกี่ยวกับการจัดซื้อ 
จัดจ้างและบริหารพัสดุภาครัฐ ตาม พ.ร.บ.การจัดซื้อจัดจ้างฯ พ.ศ. 2560 มีจํานวนกี่ชุด อะไรบ้าง","มีจํานวน 5 ชุด คือ 
  
  
1. คณะกรรมการนโยบาย 
  
  
2. คณะกรรมการวินิจฉัย 
  
  
3. คณะกรรมการราคากลาง 
  
  
4. คณะกรรมการ ค.ป.ท. 
  
  
5. คณะกรรมการพิจารณาอุทธรณ์","พระราชบัญญัติการจัดซื้อจัดจ้างและการบริหารพัสดุภาครัฐ พ.ศ. 2560 หมวด 3  มาตรา 20, 27, 32, 37 และ 41"
คณะกรรมการ ค.ป.ท. หมายถึงคณะกรรมการใด และมีอํานาจหน้าที่อย่างไรบ้าง,"หมายถึง คณะกรรมการความร่วมมือป้องกันการทุจริต มีอํานาจหน้าที่ ดังนี้ 
  
  
(1) กําหนดแนวทางและวิธีการในการดําเนินงานโครงการความร่วมมือป้องกันการทุจริตในการ
จัดซื้อจัดจ้างภาครัฐ 
  
  
(2) กําหนดแบบของข้อตกลงคุณธรรมและแบบรายงานของผู้สังเกตการณ์ 
  
  
(3) คัดเลือกโครงการการจัดซื้อจัดจ้างเพื่อเข้าร่วมโครงการความร่วมมือป้องกันการทุจริตในการ
จัดซื้อจัดจ้างภาครัฐ 
  
  
(4) คัดเลือกผู้สังเกตการณ์เพื่อเข้าร่วมโครงการความร่วมมือป้องกันการทุจริตในการจัดซื้อจัดจ้าง
ภาครัฐ 
  
  
(5) ตีความและวินิจฉัยปัญหาข้อหารือเกี่ยวกับแนวทางและวิธีการในการดําเนินงานโครงการ
ความร่วมมือป้องกันการทุจริตในการจัดซื้อจัดจ้างภาครัฐตาม (1) 
  
  
(6) ยกเว้นหรือผ่อนผันกรณีที่ไม่สามารถปฏิบัติตามรายละเอียดของแนวทางและวิธีการในการ
ดําเนินงานโครงการความร่วมมือป้องกันการทุจริตในการจัดซื้อจัดจ้างภาครัฐตาม (1)ุ
ฐ
  
  
(8) จัดทํารายงานผลการประเมินโครงการการจัดซื้อจัดจ้างที่เข้าร่วมโครงการความร่วมมือป้องกัน
การทุจริตในการจัดซื้อจัดจ้างภาครัฐเสนอคณะกรรมการนโยบายอย่างน้อยปีละหนึ่งครั้ง",พระราชบัญญัติการจัดซื้อจัดจ้างและการบริหารพัสดุภาครัฐ พ.ศ. 2560 หมวด 3  มาตรา 39
งานจ้างออกแบบหรือควบคุมงานก่อสร้าง กระทําได้กี่วิธี อะไรบ้าง,4 วิธี คือ 1. วิธีประกาศเชิญชวนทั่วไป 2. วิธีคัดเลือก 3. วิธีเฉพาะเจาะจง 4. วิธีประกวดแบบ,พระราชบัญญัติการจัดซื้อจัดจ้างและการบริหารพัสดุภาครัฐ พ.ศ. 2560 หมวด 8  มาตรา 79
ใครเป็นผู้มีอํานาจสั่งให้ผู้ยื่นข้อเสนอหรือคู่สัญญาเป็นผู้ทิ้งงาน,ปลัดกระทรวงการคลัง,พระราชบัญญัติการจัดซื้อจัดจ้างและการบริหารพัสดุภาครัฐ พ.ศ. 2560 หมวด 12  มาตรา 109
"พัสดุที่จําเป็นต้องซื้อโดยตรงจากต่างประเทศ หรือดําเนินการโดยผ่านองค์การระหว่างประเทศ 
จะต้องจัดซื้อด้วยวิธีใด",วิธีคัดเลือก,พระราชบัญญัติการจัดซื้อจัดจ้างและการบริหารพัสดุภาครัฐ พ.ศ. 2560 หมวด 6     การจัดซื้อจัดจ้างมาตรา 56 (1) (จ)
"พัสดุที่ใช้ในราชการลับ หรือเป็นงานที่ต้องปกปิดเป็นความลับของหน่วยงานของรัฐหรือที่เกี่ยวกับ
ความมั่นคงของประเทศ จะต้องจัดซื้อด้วยวิธีใด",วิธีคัดเลือก,พระราชบัญญัติการจัดซื้อจัดจ้างและการบริหารพัสดุภาครัฐ พ.ศ. 2560 หมวด 6     การจัดซื้อจัดจ้างมาตรา 56 (1) (ฉ)
"พัสดุที่ขายทอดตลาดโดยหน่วยงานของรัฐ องค์การระหว่างประเทศหรือหน่วยงานของ
ต่างประเทศจะต้องจัดซื้อด้วยวิธีใด",วิธีเฉพาะเจาะจง,พระราชบัญญัติการจัดซื้อจัดจ้างและการบริหารพัสดุภาครัฐ พ.ศ. 2560 หมวด 6 การจัดซื้อจัดจ้างมาตรา 56 (2) (ฉ)